"AgeGroup","Parameter","Mean","2.5%","97.5%","n.sample","% accept","n.effective","Geweke.diag","AgeLabel"
1,"(Intercept)",-6.8097,-6.885,-6.734,50000,27.2,3207.9,-3.1,"0–4"
1,"dep_rate",0.323,0.1089,0.534,50000,27.2,3915.3,3.2,"0–4"
1,"alpha",0.1175,0.0808,0.1546,50000,35.5,6585.4,3.6,"0–4"
1,"tau2.int",0.1717,0.144,0.2019,50000,100,815.8,-0.9,"0–4"
1,"tau2.slo",0.036,0.01,0.0759,50000,100,33.6,-2.5,"0–4"
1,"rho.int",0.9861,0.9639,0.9984,50000,41,4218.7,1.8,"0–4"
1,"rho.slo",0.3587,0.0186,0.9694,50000,31.8,15.1,6.1,"0–4"
2,"(Intercept)",-9.3952,-9.5977,-9.1901,50000,38.9,2821.9,1.4,"5–9"
2,"dep_rate",0.9818,0.3903,1.5637,50000,38.9,3442.2,-1.5,"5–9"
2,"alpha",0.2406,0.1299,0.3507,50000,39.1,10928.5,0.7,"5–9"
2,"tau2.int",0.1677,0.0865,0.2551,50000,100,77.7,0.1,"5–9"
2,"tau2.slo",0.0223,0.003,0.0865,50000,100,10.7,-2.3,"5–9"
2,"rho.int",0.9303,0.7485,0.9938,50000,35.9,120.5,0.5,"5–9"
2,"rho.slo",0.3765,0.0153,0.8847,50000,30.6,20.1,0.2,"5–9"
3,"(Intercept)",-9.1193,-9.2949,-8.9361,50000,38.2,2152.4,-1.7,"10–14"
3,"dep_rate",0.8641,0.3409,1.3709,50000,38.2,2692,1.6,"10–14"
3,"alpha",0.0939,-8e-04,0.188,50000,34.2,10536.6,0.6,"10–14"
3,"tau2.int",0.1694,0.085,0.2604,50000,100,72.1,0.2,"10–14"
3,"tau2.slo",0.0084,0.0017,0.0234,50000,100,20.1,0.4,"10–14"
3,"rho.int",0.9171,0.7543,0.9897,50000,39.6,212.1,-1,"10–14"
3,"rho.slo",0.3989,0.0269,0.8846,50000,31.9,33,-1.2,"10–14"
4,"(Intercept)",-8.2011,-8.3232,-8.0811,50000,42.2,4048.8,-1.6,"15–19"
4,"dep_rate",0.8886,0.5488,1.2311,50000,42.2,3664.7,1.9,"15–19"
4,"alpha",0.0233,-0.0393,0.0852,50000,33.4,7778.9,0.2,"15–19"
4,"tau2.int",0.2126,0.1587,0.2814,50000,100,246.5,-0.7,"15–19"
4,"tau2.slo",0.0388,0.0028,0.1348,50000,100,13.8,-2.1,"15–19"
4,"rho.int",0.9761,0.9372,0.9971,50000,41.3,1368.8,1,"15–19"
4,"rho.slo",0.458,0.0672,0.9164,50000,44.3,33.5,5,"15–19"
5,"(Intercept)",-7.73,-7.8327,-7.6268,50000,31,3216.1,1.1,"20–24"
5,"dep_rate",0.9642,0.6763,1.2467,50000,31,3872.9,-1.6,"20–24"
5,"alpha",-0.1506,-0.1979,-0.1031,50000,33.9,7013.9,-1.5,"20–24"
5,"tau2.int",0.4462,0.3776,0.5198,50000,100,879.3,-0.4,"20–24"
5,"tau2.slo",0.0203,0.0035,0.0872,50000,100,12.8,-1.8,"20–24"
5,"rho.int",0.9319,0.8598,0.9809,50000,43,2148.7,0.4,"20–24"
5,"rho.slo",0.5254,0.0731,0.97,50000,65,26.3,-0.7,"20–24"
6,"(Intercept)",-7.2917,-7.3778,-7.2052,50000,35.7,3469.2,-0.3,"25–29"
6,"dep_rate",0.8077,0.5697,1.048,50000,35.7,4121.6,-0.1,"25–29"
6,"alpha",-0.1988,-0.2394,-0.1568,50000,33.6,2615.6,-7.4,"25–29"
6,"tau2.int",0.2776,0.2374,0.324,50000,100,841.9,-1.6,"25–29"
6,"tau2.slo",0.0307,0.0041,0.114,50000,100,13.8,1.2,"25–29"
6,"rho.int",0.9542,0.903,0.9894,50000,47.4,3219.2,2.4,"25–29"
6,"rho.slo",0.7168,0.0181,0.9983,50000,38.6,6.4,-2.5,"25–29"
7,"(Intercept)",-6.7688,-6.8458,-6.6926,50000,30.2,2934.6,-1.7,"30–34"
7,"dep_rate",0.4957,0.2892,0.7049,50000,30.2,3560.6,1.7,"30–34"
7,"alpha",-0.1131,-0.1478,-0.0775,50000,36,3314.1,-0.3,"30–34"
7,"tau2.int",0.3867,0.3437,0.4342,50000,100,1858.7,-1.9,"30–34"
7,"tau2.slo",0.0354,0.007,0.0832,50000,100,22.1,0.2,"30–34"
7,"rho.int",0.9649,0.9236,0.9928,50000,46.8,5479,2,"30–34"
7,"rho.slo",0.7414,0.1471,0.9863,50000,41.3,23.7,1.7,"30–34"
8,"(Intercept)",-6.4544,-6.5223,-6.3857,50000,26.2,2842.7,0.1,"35–39"
8,"dep_rate",0.3839,0.1981,0.5694,50000,26.2,3253.2,0.1,"35–39"
8,"alpha",-0.1297,-0.1585,-0.1009,50000,30.3,7455.8,-2.7,"35–39"
8,"tau2.int",0.4001,0.3576,0.4455,50000,100,2092.7,1.5,"35–39"
8,"tau2.slo",0.009,0.0017,0.0289,50000,100,19,-1.9,"35–39"
8,"rho.int",0.9567,0.9094,0.9897,50000,38.8,5325,0,"35–39"
8,"rho.slo",0.4201,0.0176,0.9283,50000,42.2,25,-0.3,"35–39"
9,"(Intercept)",-6.171,-6.2306,-6.1116,50000,47.5,3919.4,2.1,"40–44"
9,"dep_rate",0.5184,0.3571,0.6785,50000,47.5,4395.1,-2.1,"40–44"
9,"alpha",-0.0456,-0.0753,-0.0152,50000,31.4,1286.8,-0.7,"40–44"
9,"tau2.int",0.3894,0.3515,0.4303,50000,100,2688.2,0,"40–44"
9,"tau2.slo",0.0392,0.0171,0.0715,50000,100,36,-0.5,"40–44"
9,"rho.int",0.9629,0.9216,0.992,50000,43.7,7275.1,0.7,"40–44"
9,"rho.slo",0.9226,0.6462,0.9965,50000,51.2,69.8,-1.1,"40–44"
10,"(Intercept)",-5.8748,-5.927,-5.8211,50000,41.1,4182.2,-2.3,"45–49"
10,"dep_rate",0.4524,0.3094,0.5926,50000,41.1,4547.6,2.1,"45–49"
10,"alpha",-0.1716,-0.1967,-0.1465,50000,34.2,1628.6,1.4,"45–49"
10,"tau2.int",0.3407,0.3099,0.3738,50000,100,3197,-0.8,"45–49"
10,"tau2.slo",0.0232,0.0027,0.0533,50000,100,18.6,0.1,"45–49"
10,"rho.int",0.9711,0.9366,0.9947,50000,45.1,8678.8,-0.5,"45–49"
10,"rho.slo",0.8279,0.3391,0.9898,50000,43.1,46.7,1.8,"45–49"
11,"(Intercept)",-5.4741,-5.519,-5.4292,50000,35.6,3595.1,1.1,"50–54"
11,"dep_rate",0.3954,0.2744,0.5147,50000,35.6,3810.5,-1.1,"50–54"
11,"alpha",-0.1514,-0.1738,-0.1292,50000,34.1,1369.8,0.9,"50–54"
11,"tau2.int",0.2749,0.2513,0.3003,50000,100,3851.8,1.4,"50–54"
11,"tau2.slo",0.0372,0.0194,0.061,50000,100,63.4,-0.4,"50–54"
11,"rho.int",0.9817,0.9569,0.9974,50000,51,9324.9,-1.1,"50–54"
11,"rho.slo",0.9056,0.7428,0.9883,50000,40.4,281.5,1,"50–54"
12,"(Intercept)",-5.0429,-5.0821,-5.0041,50000,20.4,1868.6,0.3,"55–59"
12,"dep_rate",0.2894,0.1875,0.3904,50000,20.4,2177,-0.7,"55–59"
12,"alpha",-0.2168,-0.2356,-0.1982,50000,35.5,1457.8,-2.6,"55–59"
12,"tau2.int",0.2846,0.2625,0.3083,50000,100,5302.6,0,"55–59"
12,"tau2.slo",0.042,0.028,0.0614,50000,100,130.3,0,"55–59"
12,"rho.int",0.9769,0.9477,0.9961,50000,44.3,9842.6,2.9,"55–59"
12,"rho.slo",0.936,0.826,0.9904,50000,45.9,419.4,0.7,"55–59"
13,"(Intercept)",-4.5951,-4.6273,-4.5636,50000,31.9,3277.2,0.6,"60–64"
13,"dep_rate",0.1793,0.0969,0.2621,50000,31.9,3404.3,-0.6,"60–64"
13,"alpha",-0.1564,-0.1721,-0.1404,50000,37.5,1577.7,-1,"60–64"
13,"tau2.int",0.2245,0.2079,0.2423,50000,100,5829.3,1.2,"60–64"
13,"tau2.slo",0.0387,0.0258,0.0532,50000,100,156.6,-2,"60–64"
13,"rho.int",0.9821,0.9574,0.9974,50000,42,9401.2,1.2,"60–64"
13,"rho.slo",0.9291,0.8238,0.9875,50000,47,531.2,0.7,"60–64"
14,"(Intercept)",-4.2098,-4.2376,-4.1821,50000,43.7,3735.4,1.3,"65–69"
14,"dep_rate",0.1386,0.0655,0.2115,50000,43.7,3984,-1.3,"65–69"
14,"alpha",-0.075,-0.0896,-0.0603,50000,34.8,1754.1,-1.3,"65–69"
14,"tau2.int",0.2014,0.1867,0.2173,50000,100,6029.7,-0.6,"65–69"
14,"tau2.slo",0.0423,0.0311,0.0553,50000,100,246.7,1.5,"65–69"
14,"rho.int",0.9762,0.9461,0.9959,50000,43.8,9883.3,0.1,"65–69"
14,"rho.slo",0.9497,0.8778,0.9909,50000,44,840,0.3,"65–69"
15,"(Intercept)",-3.7584,-3.7844,-3.7321,50000,37.6,3797.1,1.1,"70–74"
15,"dep_rate",0.1642,0.0964,0.2313,50000,37.6,3616.5,-0.7,"70–74"
15,"alpha",-0.1907,-0.2031,-0.1781,50000,33,2135,0.8,"70–74"
15,"tau2.int",0.1799,0.1665,0.1942,50000,100,6469,-0.3,"70–74"
15,"tau2.slo",0.0356,0.0258,0.0468,50000,100,231.9,-0.8,"70–74"
15,"rho.int",0.9432,0.8935,0.9825,50000,40.9,8221.4,1.7,"70–74"
15,"rho.slo",0.8412,0.6719,0.9523,50000,41.8,414.3,0.6,"70–74"
16,"(Intercept)",-3.2248,-3.2512,-3.1972,50000,26.2,1951.6,-1.3,"75–79"
16,"dep_rate",0.0911,0.0247,0.1574,50000,26.2,2318.9,1.1,"75–79"
16,"alpha",-0.0821,-0.0944,-0.0702,50000,32.1,2183.4,0.4,"75–79"
16,"tau2.int",0.1726,0.1585,0.1873,50000,100,6089.5,-0.7,"75–79"
16,"tau2.slo",0.0476,0.0352,0.062,50000,100,237.8,1,"75–79"
16,"rho.int",0.8917,0.819,0.9532,50000,43.9,5262.8,0,"75–79"
16,"rho.slo",0.8561,0.6929,0.9604,50000,44.5,465.9,-1,"75–79"
17,"(Intercept)",-2.6848,-2.7137,-2.6558,50000,25.7,1776.4,0,"80–84"
17,"dep_rate",0.0308,-0.0392,0.1005,50000,25.7,1945.8,0.1,"80–84"
17,"alpha",-0.0746,-0.0874,-0.0619,50000,35.4,2989.4,0.8,"80–84"
17,"tau2.int",0.1962,0.1738,0.22,50000,100,2203.1,0,"80–84"
17,"tau2.slo",0.1043,0.0841,0.1274,50000,100,746.6,-1.6,"80–84"
17,"rho.int",0.6213,0.5196,0.7266,50000,50.3,1612.3,0.2,"80–84"
17,"rho.slo",0.6005,0.3939,0.7923,50000,49.9,293.2,-1.4,"80–84"
18,"(Intercept)",-1.7568,-1.775,-1.7386,50000,55.5,3055.2,-2,"85+"
18,"dep_rate",0.0064,-0.0412,0.0539,50000,55.5,2696.9,1.9,"85+"
18,"alpha",-0.1843,-0.1937,-0.1751,50000,35.7,4370.1,0.5,"85+"
18,"tau2.int",0.108,0.0946,0.1233,50000,100,1580,-0.7,"85+"
18,"tau2.slo",0.1124,0.0898,0.1383,50000,100,666,1.7,"85+"
18,"rho.int",0.1296,0.0886,0.1779,50000,47.3,1332.6,-0.7,"85+"
18,"rho.slo",0.2153,0.1229,0.3258,50000,38,405.2,0.9,"85+"
